iteration,elapsed_ms,energy,max_violation,avg_violation,min_phi,rms_offset,rms_normal,rms_landmark,rms_guide,max_control,num_violating
0,355.7329,10.0123413,0.379297048,0.112129003,-0.324297041,0,0,0,0,0,1769
1,369.5925,8.47693482,0,0,0.130414829,0,0,0,3.72800946,6.87200069,0
2,383.1811,4.81082685,0,0,0.280345738,0,0,0,3.4162488,5.98535013,0
3,402.2603,3.07702361,0,0,0.336270541,0,0,0,3.21999097,5.37132025,0
4,416.1787,2.22147931,0,0,0.346012563,0,0,0,3.08330917,4.93698788,0
5,435.2552,1.77179288,0,0,0.346281976,0,0,0,2.97755384,4.62091064,0
6,453.5934,1.5138665,0,0,0.346043527,0,0,0,2.88848352,4.38262844,0
7,470.8759,1.34945875,0,0,0.345998943,0,0,0,2.8090589,4.19564915,0
8,484.6705,1.23280037,0,0,0.346215993,0,0,0,2.73575544,4.04270649,0
9,498.1166,1.14213413,0,0,0.346274197,0,0,0,2.66675425,3.91258287,0
10,515.3262,1.06682567,0,0,0.34607935,0,0,0,2.60107064,3.79799628,0
11,533.451,1.00147097,0,0,0.345264703,0,0,0,2.53813624,3.69422078,0
12,551.6519,0.943176495,0,0,0.344103932,0,0,0,2.47759414,3.59818292,0
13,569.1155,0.890286424,0,0,0.343133658,0,0,0,2.41920185,3.50787854,0
14,582.7829,0.84177818,0,0,0.342380345,0,0,0,2.36277986,3.42199445,0
15,596.863,0.796968562,0,0,0.341058135,0,0,0,2.30818748,3.33966517,0
16,610.4264,0.755367479,0,0,0.339948744,0,0,0,2.25530887,3.26031446,0
17,623.9492,0.716601616,0,0,0.339088589,0,0,0,2.20404434,3.18355322,0
18,637.4986,0.680373553,0,0,0.338008672,0,0,0,2.15430784,3.10911274,0
19,651.3945,0.64643832,0,0,0.336894989,0,0,0,2.10602188,3.03680325,0
20,665.5158,0.614588874,0,0,0.336089611,0,0,0,2.05911732,2.96648479,0
21,678.9876,0.584647338,0,0,0.335352033,0,0,0,2.01353121,2.89805079,0
22,692.8336,0.556458704,0,0,0.334239095,0,0,0,1.96920586,2.83141589,0
23,706.7421,0.529886398,0,0,0.333480895,0,0,0,1.92608845,2.76650858,0
24,720.4645,0.504809231,0,0,0.332825571,0,0,0,1.88412976,2.70326734,0
25,734.1151,0.481118781,0,0,0.331806898,0,0,0,1.84328437,2.64163589,0
26,747.9484,0.458717543,0,0,0.331165016,0,0,0,1.80350983,2.58156371,0
27,761.6339,0.437517324,0,0,0.330637038,0,0,0,1.76476645,2.52300239,0
28,775.3062,0.41743812,0,0,0.329747349,0,0,0,1.72701705,2.46590686,0
29,788.7543,0.398406992,0,0,0.329227954,0,0,0,1.69022667,2.41023374,0
30,802.8149,0.380357283,0,0,0.328907728,0,0,0,1.65436232,2.35594153,0
31,816.5667,0.36322776,0,0,0.328134656,0,0,0,1.61939275,2.3029902,0
32,830.0095,0.34696225,0,0,0.327711254,0,0,0,1.58528852,2.25134087,0
33,843.6699,0.331508848,0,0,0.325616568,0,0,0,1.55202186,2.20095682,0
34,857.1624,0.316819658,0,0,0.323655933,0,0,0,1.51956582,2.15180182,0
35,871.1239,0.302850322,0,0,0.322078496,0,0,0,1.48789549,2.10384107,0
36,884.6428,0.289559714,0,0,0.320341527,0,0,0,1.45698667,2.05704165,0
37,898.1121,0.276909597,0,0,0.318696409,0,0,0,1.42681634,2.01137066,0
38,911.9274,0.264864411,0,0,0.317413688,0,0,0,1.39736283,1.96679747,0
39,925.4546,0.253391003,0,0,0.316453755,0,0,0,1.36860478,1.92329168,0
40,938.8901,0.242458389,0,0,0.315031022,0,0,0,1.34052241,1.88082409,0
41,952.8055,0.232037664,0,0,0.313877583,0,0,0,1.31309628,1.83936691,0
42,966.333,0.222101773,0,0,0.312990785,0,0,0,1.28630805,1.79889286,0
43,979.8571,0.212625359,0,0,0.31210497,0,0,0,1.26013982,1.75937557,0
44,993.8402,0.203584639,0,0,0.310946018,0,0,0,1.23457468,1.72078967,0
45,1007.3753,0.194957281,0,0,0.310010791,0,0,0,1.20959604,1.68311095,0
46,1021.0013,0.186722338,0,0,0.30829078,0,0,0,1.18518841,1.64631569,0
47,1035.3605,0.178860029,0,0,0.305651963,0,0,0,1.16133618,1.61038053,0
48,1049.1623,0.171351796,0,0,0.302598894,0,0,0,1.13802481,1.57528365,0
49,1062.9516,0.164180144,0,0,0.299709022,0,0,0,1.1152401,1.54100335,0
50,1076.4984,0.157328549,0,0,0.297125489,0,0,0,1.09296846,1.50751889,0
51,1090.4903,0.150781429,0,0,0.294848591,0,0,0,1.07119644,1.47480989,0
52,1104.7443,0.14452408,0,0,0.292258888,0,0,0,1.0499115,1.44285715,0
53,1118.209,0.138542589,0,0,0.289861858,0,0,0,1.02910101,1.41164148,0
54,1131.7787,0.132823806,0,0,0.287772804,0,0,0,1.00875318,1.38114452,0
55,1145.5088,0.127355273,0,0,0.285917401,0,0,0,0.988856196,1.35134828,0
56,1159.0584,0.122125218,0,0,0.284300745,0,0,0,0.969398916,1.3222357,0
57,1172.8583,0.11712247,0,0,0.282412738,0,0,0,0.950370491,1.29378974,0
58,1186.7352,0.112336441,0,0,0.280104667,0,0,0,0.931760252,1.26599419,0
59,1200.3445,0.107757104,0,0,0.277093023,0,0,0,0.913557947,1.23883319,0
60,1213.8321,0.103374923,0,0,0.274236023,0,0,0,0.895753622,1.21229112,0
61,1227.2703,0.0991808512,0,0,0.271517932,0,0,0,0.878337502,1.18635309,0
62,1240.6602,0.0951663059,0,0,0.268594444,0,0,0,0.861300349,1.16100454,0
63,1254.2192,0.0913231273,0,0,0.265674531,0,0,0,0.844632924,1.13623142,0
64,1267.811,0.0876435609,0,0,0.262891531,0,0,0,0.828326344,1.11201966,0
65,1281.2369,0.0841202333,0,0,0.260259897,0,0,0,0.812372029,1.0883559,0
66,1294.7195,0.0807461207,0,0,0.255739391,0,0,0,0.796761572,1.06522715,0
67,1308.2059,0.0775145511,0,0,0.251069486,0,0,0,0.78148675,1.04262066,0
68,1321.8316,0.0744191695,0,0,0.246769428,0,0,0,0.766539693,1.02052402,0
69,1335.3535,0.0714539264,0,0,0.242844418,0,0,0,0.751912594,0.998925149,0
70,1349.7155,0.068613062,0,0,0.239287138,0,0,0,0.737597942,0.97781235,0
71,1363.383,0.0658910765,0,0,0.236013353,0,0,0,0.723588407,0.957174122,0
72,1377.4675,0.063282754,0,0,0.233070806,0,0,0,0.709876835,0.936999381,0
73,1390.9683,0.0607830947,0,0,0.230117425,0,0,0,0.696456373,0.917277217,0
74,1404.6157,0.0583873512,0,0,0.226376861,0,0,0,0.683320105,0.897997022,0
75,1418.43,0.0560909908,0,0,0.221177191,0,0,0,0.670461535,0.879148483,0
76,1431.9737,0.053889683,0,0,0.216224104,0,0,0,0.657874167,0.860721529,0
77,1445.7943,0.0517793058,0,0,0.211520329,0,0,0,0.645551741,0.842706323,0
78,1459.486,0.0497559197,0,0,0.207063422,0,0,0,0.633488178,0.825093269,0
79,1473.6127,0.0478157726,0,0,0.202851236,0,0,0,0.621677458,0.80787307,0
80,1487.1919,0.0459552721,0,0,0.19884035,0,0,0,0.610113859,0.791036665,0
81,1500.7352,0.0441709946,0,0,0.193828076,0,0,0,0.598791599,0.774574995,0
82,1514.331,0.0424596742,0,0,0.188490376,0,0,0,0.587705195,0.758479476,0
83,1528.4218,0.0408181873,0,0,0.183380812,0,0,0,0.576849341,0.742741764,0
84,1542.0012,0.0392435529,0,0,0.178494141,0,0,0,0.566218734,0.727416039,0
85,1555.4929,0.0377329223,0,0,0.173335493,0,0,0,0.555808187,0.713912547,0
86,1569.096,0.0362835772,0,0,0.167177334,0,0,0,0.545612752,0.700690806,0
87,1582.6587,0.0348929217,0,0,0.161185741,0,0,0,0.535627604,0.687744379,0
88,1596.5967,0.0335584864,0,0,0.155399233,0,0,0,0.525848031,0.675067067,0
89,1610.3886,0.0322779243,0,0,0.149955884,0,0,0,0.516269386,0.662652731,0
90,1623.9438,0.0310490249,0,0,0.143385261,0,0,0,0.506887436,0.650495529,0
91,1637.4909,0.0298697627,0,0,0.136881873,0,0,0,0.497698158,0.638589859,0
92,1651.1301,0.0287383701,0,0,0.130669534,0,0,0,0.488698334,0.626930714,0
93,1665.1211,0.0276535231,0,0,0.122370593,0,0,0,0.479886085,0.615513861,0
94,1679.0157,0.0266147909,0,0,0.11383868,0,0,0,0.471262455,0.604337037,0
95,1692.6576,0.0256234802,0,0,0.105555661,0,0,0,0.462834954,0.593402326,0
96,1706.2481,0.0246843189,0,0,0.0975639001,0,0,0,0.454624385,0.58272028,0
97,1719.9193,0.0238082356,0,0,0.089987956,0,0,0,0.446678251,0.572318077,0
98,1733.5393,0.0230155132,0,0,0.0830301195,0,0,0,0.439092666,0.562251508,0
99,1747.004,0.022334891,0,0,0.0770123377,0,0,0,0.432036549,0.552616119,0
100,1761.2188,0.0217899788,0,0,0.0722199678,0,0,0,0.42574656,0.543541551,0
101,1775.1004,0.0213778262,0,0,0.0687911585,0,0,0,0.42043215,0.537013233,0
102,1788.6183,0.0210708559,0,0,0.0665534511,0,0,0,0.416121751,0.535109878,0
103,1802.3216,0.0208428104,0,0,0.0651218742,0,0,0,0.412654638,0.534303546,0
104,1816.1627,0.0206742508,0,0,0.0641814545,0,0,0,0.409855455,0.533864796,0
105,1829.7679,0.0205498254,0,0,0.0635191873,0,0,0,0.407595277,0.533555806,0
106,1843.672,0.020457947,0,0,0.063052848,0,0,0,0.405770332,0.533317566,0
107,1857.4953,0.0203900337,0,0,0.0627176091,0,0,0,0.404294342,0.533134103,0
108,1871.7879,0.0201540442,0,0,0.0562365875,0,0,0,0.394518822,0.53009814,0
109,1879.3552,0.0200345895,0,0,0.0627716556,0,0,0,0.398466498,0.529036701,0
110,1886.7981,0.0199972086,0,0,0.0591683649,0,0,0,0.395338684,0.525533438,0
111,1894.3034,0.0199744909,0,0,0.0615761615,0,0,0,0.397219419,0.524853766,0
112,1901.523,0.0199589587,0,0,0.0597028285,0,0,0,0.395497888,0.522768676,0
113,1909.4601,0.0199519151,0,0,0.0608419701,0,0,0,0.396606445,0.52246964,0
114,1916.8708,0.0199455189,0,0,0.0598883741,0,0,0,0.395640582,0.521246076,0
115,1925.0196,0.0199433714,0,0,0.0605117381,0,0,0,0.396302253,0.521147072,0
116,1932.4743,0.0199406993,0,0,0.0600288846,0,0,0,0.395751506,0.520405769,0
117,1939.8251,0.0199395864,0,0,0.0603220426,0,0,0,0.396145433,0.520393848,0
118,1947.2771,0.0199386476,0,0,0.0599228963,0,0,0,0.395816177,0.519943476,0
119,1954.6363,0.0199385736,0,0,0.0601245537,0,0,0,0.396060258,0.519966185,0
120,1962.5311,0.0199383092,0,0,0.0598774813,0,0,0,0.395864427,0.519684851,0
121,1969.9698,0.0199382381,0,0,0.0600245334,0,0,0,0.396017224,0.519716799,0
